施術カテゴリ,施術名,対象部位,回数,通常価格（税込）,初回価格,回数券価格,キャンペーン価格,プリペイド割価格
シミ取り（そばかす・肝斑・ほくろ）,,お尻,,33000,,,,26400
シミ取り（そばかす・肝斑・ほくろ）,,取り放題,,165000,,,99000,
シミ取り（そばかす・肝斑・ほくろ）,ADM,1㎜ごと,,2200,,,,
シミ取り（そばかす・肝斑・ほくろ）,ADM,片頬,,22000,,,,
シミ取り（そばかす・肝斑・ほくろ）,CO2レーザー（ほくろ・脂漏性角化症・稗粒腫）,1個〜3mmまで,,5500,,,,
シミ取り（そばかす・肝斑・ほくろ）,CO2レーザー（ほくろ・脂漏性角化症・稗粒腫）,追加1mmごと,,1100,,,,
シミ取り（そばかす・肝斑・ほくろ）,Co２ハイリュウシュ,,,5500,,,,
シミ取り（そばかす・肝斑・ほくろ）,キシロカイン麻酔,,,1100,,,,
シミ取り（そばかす・肝斑・ほくろ）,ピコW,,20％,38500,,,,30800
シミ取り（そばかす・肝斑・ほくろ）,ピコトーニング,V＋Iライン,,11000,,,,8800
シミ取り（そばかす・肝斑・ほくろ）,ピコトーニング,デコルテ,,11000,,,,8800
シミ取り（そばかす・肝斑・ほくろ）,ピコトーニング,リップ,,5500,,,,4400
シミ取り（そばかす・肝斑・ほくろ）,ピコトーニング,片手の甲,,8360,,,,6688
シミ取り（そばかす・肝斑・ほくろ）,ピコトーニング,肘下（手の甲含まず）,,22000,,,,17600
シミ取り（そばかす・肝斑・ほくろ）,ピコトーニング,背中から肩甲骨,,16500,,,,13200
シミ取り（そばかす・肝斑・ほくろ）,ピコトーニング,脇,,8800,,,,7040
シミ取り（そばかす・肝斑・ほくろ）,ピコトーニング,顔全体,20％,16500,,,,13200
シミ取り（そばかす・肝斑・ほくろ）,ピコトーニング,首,,11000,,,,8800
シミ取り（そばかす・肝斑・ほくろ）,ピコフラクショナル,頬+鼻,,19800,,,,15840
シミ取り（そばかす・肝斑・ほくろ）,ピコフラクショナル,顔全体,20％,22000,,,,17600
シミ取り（そばかす・肝斑・ほくろ）,ピコレーザー・ピコスポット,10mm〜（1mmにつき）,,1100,,,,
シミ取り（そばかす・肝斑・ほくろ）,ピコレーザー・ピコスポット,10mmまで,,11000,,,,
シミ取り（そばかす・肝斑・ほくろ）,ピコレーザー・ピコスポット,1mmまで,,1100,,,,
シミ取り（そばかす・肝斑・ほくろ）,ピコレーザー・ピコスポット,5mmまで,,5500,,,,
シミ取り（そばかす・肝斑・ほくろ）,ピコレーザー・ピコスポット,両前腕（肘下・手・甲・指）,,110000,,,,
シミ取り（そばかす・肝斑・ほくろ）,ピコレーザー・ピコスポット,全顔,,88000,,,,
シミ取り（そばかす・肝斑・ほくろ）,ピコレーザー・ピコスポット,眉下〜鼻下,,77000,,,,
シミ取り（そばかす・肝斑・ほくろ）,ピコレーザー・ピコスポット,背中（肩甲骨 上 or 下）,,110000,,,,
シミ取り（そばかす・肝斑・ほくろ）,フォトフェイシャル,お尻,,33000,,,,26400
シミ取り（そばかす・肝斑・ほくろ）,フォトフェイシャル,手の甲,,16500,,,,13200
シミ取り（そばかす・肝斑・ほくろ）,フォトフェイシャル,背中から肩甲骨,,33000,,,,26400
シミ取り（そばかす・肝斑・ほくろ）,フォトフェイシャル,腕（肘上・腕下）,,33000,,,,26400
シミ取り（そばかす・肝斑・ほくろ）,フォトフェイシャル,頬のみ,,13200,,,,10560
シミ取り（そばかす・肝斑・ほくろ）,フォトフェイシャル,頬＋鼻,,11000,,,,8800
シミ取り（そばかす・肝斑・ほくろ）,フォトフェイシャル,首・デコルテ,,22000,,,,17600
シミ取り（そばかす・肝斑・ほくろ）,フォトフェイシャル（フォトダブル）,顔全体,20％,16500,,,,13200
シミ取り（そばかす・肝斑・ほくろ）,局所麻酔0.5CC,,,11000,,,,
シミ取り（そばかす・肝斑・ほくろ）,局所麻酔ブロック0.5CC,,,11000,,,,
しわ・たるみ,アクネトーニング,全顔,,19800,,,13200,15840
しわ・たるみ,アクネトーニング,全顔,20.00%,59400,,,,47520
しわ・たるみ,オプションタイトニング,オプション,,33000,,,26400,26400
しわ・たるみ,オプションタイトニング,オプション,20.00%,99000,,,,79200
しわ・たるみ,スマイルリフト,口腔内,,48000,,,39600,38400
しわ・たるみ,スマイルリフト,口腔内,20.00%,144000,,,,115200
しわ・たるみ,タイトニング,全顔,,42000,,,33000,33600
しわ・たるみ,タイトニング,全顔,20.00%,126000,,,,100800
しわ・たるみ,トーニング,全顔,,19800,,,13200,15840
しわ・たるみ,トーニング,全顔,20.00%,59400,,,,47520
しわ・たるみ,ピーリング,全顔,,24800,,,19800,19840
しわ・たるみ,ピーリング,全顔,20.00%,74400,,,,59520
しわ・たるみ,フェイシャルハイフ（ウルトラフォーマーMPT）,オーダーメイドハイフ（スタンダード）680s,,82500,,,66000,66000
しわ・たるみ,フェイシャルハイフ（ウルトラフォーマーMPT）,オーダーメイドハイフ（プレミアム）880s,,99000,,,79200,79200
しわ・たるみ,フェイシャルハイフ（ウルトラフォーマーMPT）,オーダーメイドハイフ（ライト）356s,,59400,,,49800,47520
しわ・たるみ,フェイシャルハイフ（ウルトラフォーマーMPT）,ハイフアイシャワー®224s,,24800,,,19800,19840
しわ・たるみ,フェイシャルハイフ（ウルトラフォーマーMPT）,美肌ハイフシャワー（全顔＋目元）324s,,37000,,,29800,29600
しわ・たるみ,フェイシャルハイフ（ウルトラフォーマーMPT）,美肌ハイフシャワー（首のみ）,,27500,,,,22000
しわ・たるみ,フォトナ2d,トーニング➕タイトニング,,61800,,,39600,49440
しわ・たるみ,フォトナ2d,トーニング➕タイトニング,20.00%,185400,,,,148320
しわ・たるみ,フォトナ4d,全顔,,165000,,,132000,132000
しわ・たるみ,フォトナ4d,全顔,20.00%,495000,,,,396000
しわ・たるみ,フォトナ6d,全顔,,210000,,,165000,168000
しわ・たるみ,フォトナ6d,全顔,20.00%,630000,,,,504000
しわ・たるみ,フォトナアイ2d,目元の治療,,55000,,,46200,44000
しわ・たるみ,フォトナアイ2d,目元の治療,20.00%,165000,,,,132000
しわ・たるみ,フォトナアイ粘膜無し表面のみ,目元の治療,,48000,,,39600,38400
しわ・たるみ,フォトナアイ粘膜無し表面のみ,目元の治療,20.00%,144000,,,,115200
しわ・たるみ,ボルニューマ,100ショット,,27500,,,22000,22000
しわ・たるみ,ボルニューマ,200ショット,,55000,,,44000,44000
しわ・たるみ,ボルニューマ,300ショット,,82500,,,66000,66000
しわ・たるみ,ボルニューマ,400ショット,,110000,,,88000,88000
しわ・たるみ,ボルニューマ,500ショット,,137500,,,99000,110000
しわ・たるみ,ボルフォーマースタンダード（ボルニューマ＋ウルトラフォーマーMPT）,ボルフォーマー（スタンダード）ボ400ハ680s,"132,000",192500,,,132000,154000
しわ・たるみ,ボルフォーマープレミアム（ボルニューマ＋ウルトラフォーマーMPT）,ボルフォーマー（プレミアム）ボ500ハ680S,154000,220000,,,154000,176000
しわ・たるみ,ボルフォーマーライト（ボルニューマ＋ウルトラフォーマーMPT）,ボルフォーマー（ライト）ボ200sハ356s,,117000,,,93800,93600
しわ・たるみ,リップ,口元治療,,24800,,,19800,19840
しわ・たるみ,リップ,口元治療,20.00%,74400,,,,59520
しわ・たるみ,人中短縮,口周り治療,,33000,,,26400,26400
しわ・たるみ,人中短縮,口周り治療,20.00%,99000,,,,79200
しわ・たるみ,白玉ハイフトーニング,全顔スタンダード,,29800,,,,23840
しわ・たるみ,白玉ハイフトーニング,全顔ライト,,19800,,,,15840
注入系,,,,77000,,,,
注入系,,,,3300,,,,
注入系,,,10％,49500,,,,
注入系,Dr.手打ち注射,,,22000,,,,
注入系,Dr.手打ち注射,,,16500,,,,
注入系,Dr.手打ち注射,,,66000,,,,
注入系,Dr.手打ち注射,,10％,44000,,,,
注入系,Dr.手打ち注射,,10％,66000,,,,
注入系,Dr.手打ち注射,,10％,88000,,,,
注入系,Dr.手打ち注射,,10％,33000,,,,
注入系,Dr.手打ち注射,,10％,66000,,,,
注入系,Dr.手打ち注射,,10％,55000,,,,
注入系,Dr.手打ち注射,,10％,66000,,,,
注入系,Dr.手打ち注射,,10％,132000,,,,
注入系,Dr.手打ち注射,,10％,66000,,,,
注入系,Dr.手打ち注射,,10％,66000,,,,
注入系,ヒアルロン酸,,,77000,,,,
注入系,ヒアルロン酸,,,77000,,,,
注入系,ヒアルロン酸,,,77000,,,,
注入系,ヒアルロン酸,,,77000,,,,
注入系,ヒアルロン酸,,,77000,,,,
注入系,ヒアルローニターゼ,,,22000,,,,
注入系,ヒアルローニターゼ,,,38500,,,,
注入系,ヒアルローニターゼ,,,55000,,,,
注入系,ボトックス,,,22000,16500,,,
注入系,ボトックス,,,44000,30800,,,
注入系,ボトックス,,,66000,46200,,,
注入系,ボトックス,,,44000,,,,
注入系,ボトックス,,,770000,,,77000,
注入系,ボトックス,,,33000,,,,
注入系,ボトックス,,,27500,22000,,,
注入系,ボトックス,,,55000,41250,,,
注入系,ボトックス,,,82500,61875,,,
注入系,ボトックス,,,66000,,,66000,
注入系,ボトックス,,,99000,,,99000,
注入系,ボトックス,,,55000,,,,
注入系,水光注射（ハイコックス）,,,27500,,,,
注入系,水光注射（ハイコックス）,,,13750,,,,
注入系,水光注射（ハイコックス）,,,16500,,,,
注入系,水光注射（ハイコックス）,,,33000,,,,
注入系,水光注射（ハイコックス）,,,11000,,,,
注入系,水光注射（ハイコックス）,,,55000,,,,
注入系,水光注射（ハイコックス）,,10％,33000,,,,
注入系,水光注射（ハイコックス）,,10％,49500,,,,
注入系,水光注射（ハイコックス）,,10％,66000,,,,
注入系,水光注射（ハイコックス）,,10％,44000,,,,
注入系,水光注射（ハイコックス）,,10％,55000,,,,
注入系,水光注射（ハイコックス）,,10％,88000,,,,
注入系,水光注射（ハイコックス）,,10％,66000,,,,
注入系,水光注射（ハイコックス）,,10％,132000,,,,
注入系,脂肪溶解注射,,,13200,,,,
スレッド（糸リフト）,アイスレッド,全顔,,44000,,,,39600
スレッド（糸リフト）,アイスレッド,全顔,,77000,,,,69300
スレッド（糸リフト）,ショートスレッド,40本以上10本追加,,19250,,,,17325
スレッド（糸リフト）,ショートスレッド,全顔,,27500,,,,24750
スレッド（糸リフト）,ショートスレッド,全顔,,44000,,,,39600
スレッド（糸リフト）,ショートスレッド,全顔,,77000,,,,69300
スレッド（糸リフト）,ショートスレッド,全顔,,115500,,,,103950
スレッド（糸リフト）,ショートスレッド,全顔,,154000,,,,138600
スレッド（糸リフト）,ショートスレッド,全顔,,192500,,,,173250
スレッド（糸リフト）,ロングスレッドPCL,全顔,,55000,,,,49500
スレッド（糸リフト）,ロングスレッドPCL,全顔,,220000,,,198800,198000
スレッド（糸リフト）,ロングスレッドPCL,全顔,,330000,,,280500,297000
スレッド（糸リフト）,ロングスレッドPCL,全顔,,440000,,,352000,396000
スレッド（糸リフト）,ロングスレッドPCL,全顔,,550000,,,412500,495000
スレッド（糸リフト）,ロングスレッドPCL,全顔,,660000,,,462000,594000
スレッド（糸リフト）,ロングスレッドPDO,全顔,,33000,,,,29700
スレッド（糸リフト）,ロングスレッドPDO,全顔,,132000,,,118800,118800
スレッド（糸リフト）,ロングスレッドPDO,全顔,,198000,,,168300,178200
スレッド（糸リフト）,ロングスレッドPDO,全顔,,264000,,,211200,237600
スレッド（糸リフト）,ロングスレッドPDO,全顔,,330000,,,247500,297000
スレッド（糸リフト）,ロングスレッドPDO,全顔,,396000,,,277200,356400
スレッド（糸リフト）,目元用シール麻酔,目元2枚,,660,,,,594
スレッド（糸リフト）,麻酔代,全顔,,2200,,,,1980
美肌治療,,トラネキサム酸＋ｱﾙｹﾞﾏｽｸ,5％,26400,,,,21120
美肌治療,,ビタミンC＋ｱﾙｹﾞﾏｽｸ,5％,26400,,,,21120
美肌治療,アグネス,ニキビ・ハイリュウシュ11～20個,,22000,,,,17600
美肌治療,アグネス,ニキビ・ハイリュウシュ1～4個,,11000,,,,8800
美肌治療,アグネス,ニキビ・ハイリュウシュ21～30個,,33000,,,,26400
美肌治療,アグネス,ニキビ・ハイリュウシュ5～10個,,16500,,,,13200
美肌治療,イオン導入,トラネキサム酸＋ｱﾙｹﾞﾏｽｸ,,8800,,,,7040
美肌治療,イオン導入,ビタミンC＋ｱﾙｹﾞﾏｽｸ,,8800,,,,7040
美肌治療,サブシジョン,ジュベルック　2×2㎝,,44000,,,,39600
美肌治療,サブシジョン,ジュベルック　全顔,,110000,,,,99000
美肌治療,サブシジョン,ジュベルック　半顔,,88000,,,,79200
美肌治療,サーマニードル,カスタマイズ,,55000,44000,,,44000
美肌治療,サーマニードル,トラネキサム酸,,5500,,,,4400
美肌治療,サーマニードル,ビタミンC,,5500,,,,4400
美肌治療,サーマニードル,ラコス,,22000,,,,17600
美肌治療,サーマニードル,頬・鼻（毛穴）・首：1部位,,33000,22000,,,26400
美肌治療,サーマニードル,顔全体,,44000,33000,,,35200
美肌治療,ダーマペン4,顔全体,,19800,9900,,,15840
美肌治療,ダーマペン4,顔全体,20.00%,59400,,,,47520
美肌治療,ダーマペン4,顔全体（ヒアルロン酸＋マスク＋麻酔付き）,,26400,16500,,,21120
美肌治療,ダーマペン4,顔全体（ヒアルロン酸＋マスク＋麻酔付き）,20.00%,79200,,,,63360
美肌治療,ハイドラフェイシャル,導入有り,,26400,16500,,,21120
美肌治療,ハイドラフェイシャル,導入有り,5%,79200,,,,63360
美肌治療,ハイドラフェイシャル,導入無し,,19800,13200,,,15840
美肌治療,ハイドラフェイシャル,導入無し,5%,59400,,,,47520
美肌治療,ハイドラフェイシャル背中,導入有り,,39600,,,,31680
美肌治療,ハイドラフェイシャル背中,導入有り,,118800,,,,95040
美肌治療,ハイドラフェイシャル背中,導入無し,,29700,,,,23760
美肌治療,ハイドラフェイシャル背中,導入無し,,89100,,,,71280
美肌治療,プラズマリフティング,プラズマのみ,,11000,,,,8800
美肌治療,プラズマリフティング,プラズマ＋エクソソームアンプル,,22000,,,,17600
美肌治療,プラズマリフティング,プラズマ＋タイトニングセラム,,16500,,,,13200
美肌治療,プラズマリフティング,プラズマ＋ヒト臍帯由来幹細胞培養上清液,,33000,,,,26400
美肌治療,プラズマリフティング,プラズマ＋ビタミンC,,14300,,,,11440
美肌治療,プラズマリフティング,プラズマ＋プラセンタ,,14300,,,,11440
美肌治療,プラズマリフティング,プラズマ＋リジェンセラム修復,,16500,,,,13200
美肌治療,ヴェルヴェットスキン,お尻（ヒアルロン酸＋マスク＋麻酔付き）,,66000,,,,52800
美肌治療,ヴェルヴェットスキン,顔全体,,29700,15400,,,23760
美肌治療,ヴェルヴェットスキン,顔全体（ヒアルロン酸＋マスク＋麻酔付き）,,36300,22000,,,29040
美肌治療,ヴェルヴェットスキン,顔全体（ヒアルロン酸＋マスク＋麻酔付き）,20.00%,108900,,,,87120
美肌治療,圧出,,,550,,,,440
ピーリング,,身体,,22000,,,,
ピーリング,,身体,,22000,,,,
ピーリング,マッサージピール,顔全体,,13200,9900,,,
ピーリング,マッサージピール,顔全体,10.00%,39600,,,,
ピーリング,マッサージピール,顔全体,20.00%,66000,,,,
ピーリング,マッサージピール,首,,13200,なし,,,
ピーリング,ミラノリピール,ヒップ・背中上,,22000,,,,
ピーリング,ミラノリピール,ヒップ・背中上,10.00%,110000,,,,
ピーリング,ミラノリピール,ヒップ・背中上,5.00%,66000,,,,
ピーリング,ミラノリピール,ワキ・肘・ひざ・かかと,,13200,11000,,,
ピーリング,ミラノリピール,ワキ・肘・ひざ・かかと,10.00%,66000,,,,
ピーリング,ミラノリピール,ワキ・肘・ひざ・かかと,5.00%,39600,,,,
ピーリング,ミラノリピール,顔全体,,16500,13200,,,
ピーリング,ミラノリピール,顔全体,10.00%,82500,,,,
ピーリング,ミラノリピール,顔全体,5.00%,49500,,,,
ピーリング,ミラノリピール,首,,16500,,,,
ピーリング,リバースピール,顔全体,,13200,9900,,,
ピーリング,リバースピール,顔全体,10.00%,66000,,,,
ピーリング,リバースピール,顔全体,5％,39600,,,,
ピーリング,リバースピール,首,,16500,,,,
医療脱毛,キッズ脱毛,1ショット,,550,,,,
医療脱毛,キッズ脱毛,Iライン,,8800,,,,
医療脱毛,キッズ脱毛,Iライン,10.00%,70400,,,,
医療脱毛,キッズ脱毛,Iライン,5.00%,44000,,,,
医療脱毛,キッズ脱毛,Oライン,,8800,,,,
医療脱毛,キッズ脱毛,Oライン,10.00%,70400,,,,
医療脱毛,キッズ脱毛,Oライン,5.00%,44000,,,,
医療脱毛,キッズ脱毛,VIOセット,,22000,,,,
医療脱毛,キッズ脱毛,VIOセット,10.00%,176000,,,,
医療脱毛,キッズ脱毛,VIOセット,5.00%,110000,,,,
医療脱毛,キッズ脱毛,Vライン,,8800,,,,
医療脱毛,キッズ脱毛,Vライン,10.00%,70400,,,,
医療脱毛,キッズ脱毛,Vライン,5.00%,44000,,,,
医療脱毛,キッズ脱毛,うなじ,,10560,,,,
医療脱毛,キッズ脱毛,うなじ,10.00%,84480,,,,
医療脱毛,キッズ脱毛,うなじ,5.00%,52800,,,,
医療脱毛,キッズ脱毛,へそ周り（直径6㎝）,,4400,,,,
医療脱毛,キッズ脱毛,へそ周り（直径6㎝）,10.00%,35200,,,,
医療脱毛,キッズ脱毛,へそ周り（直径6㎝）,5.00%,22000,,,,
医療脱毛,キッズ脱毛,両ひざ,,4400,,,,
医療脱毛,キッズ脱毛,両ひざ,10.00%,35200,,,,
医療脱毛,キッズ脱毛,両ひざ,5.00%,22000,,,,
医療脱毛,キッズ脱毛,両ひざ上,,13200,,,,
医療脱毛,キッズ脱毛,両ひざ上,10.00%,105600,,,,
医療脱毛,キッズ脱毛,両ひざ上,5.00%,66000,,,,
医療脱毛,キッズ脱毛,両ひざ下,,10560,,,,
医療脱毛,キッズ脱毛,両ひざ下,10.00%,84480,,,,
医療脱毛,キッズ脱毛,両ひざ下,5.00%,52800,,,,
医療脱毛,キッズ脱毛,両ひじ,,4400,,,,
医療脱毛,キッズ脱毛,両ひじ,10.00%,35200,,,,
医療脱毛,キッズ脱毛,両ひじ,5.00%,22000,,,,
医療脱毛,キッズ脱毛,両ひじ上,,8800,,,,
医療脱毛,キッズ脱毛,両ひじ上,10.00%,70400,,,,
医療脱毛,キッズ脱毛,両ひじ上,5.00%,44000,,,,
医療脱毛,キッズ脱毛,両ひじ下,,8800,,,,
医療脱毛,キッズ脱毛,両ひじ下,10.00%,70400,,,,
医療脱毛,キッズ脱毛,両ひじ下,5.00%,44000,,,,
医療脱毛,キッズ脱毛,両ワキ,,2640,,,,
医療脱毛,キッズ脱毛,両ワキ,10.00%,21120,,,,
医療脱毛,キッズ脱毛,両ワキ,5.00%,13200,,,,
医療脱毛,キッズ脱毛,乳輪周り,,4400,,,,
医療脱毛,キッズ脱毛,乳輪周り,10.00%,35200,,,,
医療脱毛,キッズ脱毛,乳輪周り,5.00%,22000,,,,
医療脱毛,キッズ脱毛,全身（顔・うなじ・VIO除く）,,88000,,,,
医療脱毛,キッズ脱毛,全身（顔・うなじ・VIO除く）,,440000,,,,
医療脱毛,キッズ脱毛,全身（顔・うなじ・VIO除く）,,704000,,,,
医療脱毛,キッズ脱毛,剃毛代（1部位）,,3300,,,,
医療脱毛,キッズ脱毛,口周囲（鼻下＋顎）,,10560,,,,
医療脱毛,キッズ脱毛,口周囲（鼻下＋顎）,10.00%,84480,,,,
医療脱毛,キッズ脱毛,口周囲（鼻下＋顎）,5.00%,52800,,,,
医療脱毛,キッズ脱毛,手の甲・指,,2640,,,,
医療脱毛,キッズ脱毛,手の甲・指,10.00%,21120,,,,
医療脱毛,キッズ脱毛,手の甲・指,5.00%,13200,,,,
医療脱毛,キッズ脱毛,背中上,,13200,,,,
医療脱毛,キッズ脱毛,背中上,10.00%,105600,,,,
医療脱毛,キッズ脱毛,背中上,5.00%,66000,,,,
医療脱毛,キッズ脱毛,背中下,,13200,,,,
医療脱毛,キッズ脱毛,背中下,10.00%,105600,,,,
医療脱毛,キッズ脱毛,背中下,5.00%,66000,,,,
医療脱毛,キッズ脱毛,胸,,13200,,,,
医療脱毛,キッズ脱毛,胸,10.00%,105600,,,,
医療脱毛,キッズ脱毛,胸,5.00%,66000,,,,
医療脱毛,キッズ脱毛,腹部,,13200,,,,
医療脱毛,キッズ脱毛,腹部,10.00%,105600,,,,
医療脱毛,キッズ脱毛,腹部,5.00%,66000,,,,
医療脱毛,キッズ脱毛,臀部,,13200,,,,
医療脱毛,キッズ脱毛,臀部,10.00%,105600,,,,
医療脱毛,キッズ脱毛,臀部,5.00%,66000,,,,
医療脱毛,キッズ脱毛,足の甲・指,,2640,,,,
医療脱毛,キッズ脱毛,足の甲・指,10.00%,21120,,,,
医療脱毛,キッズ脱毛,足の甲・指,5.00%,13200,,,,
医療脱毛,キッズ脱毛,顔全体,,13200,,,,
医療脱毛,キッズ脱毛,顔全体,10.00%,105600,,,,
医療脱毛,キッズ脱毛,顔全体,5.00%,66000,,,,
医療脱毛,メンズ脱毛,1ショット,,550,,,,
医療脱毛,メンズ脱毛,うなじ,,19800,,,,
医療脱毛,メンズ脱毛,うなじ,10.00%,158400,,,,
医療脱毛,メンズ脱毛,うなじ,5.00%,99000,,,,
医療脱毛,メンズ脱毛,へそ周り（直径6㎝）,,9900,,,,
医療脱毛,メンズ脱毛,へそ周り（直径6㎝）,10.00%,79200,,,,
医療脱毛,メンズ脱毛,へそ周り（直径6㎝）,5.00%,49500,,,,
医療脱毛,メンズ脱毛,アゴ,,8800,,,,
医療脱毛,メンズ脱毛,アゴ,10.00%,70400,,,154000,
医療脱毛,メンズ脱毛,アゴ,5.00%,44000,,,99000,
医療脱毛,メンズ脱毛,アゴ下,,8800,,,,
医療脱毛,メンズ脱毛,アゴ下,10.00%,70400,,,,
医療脱毛,メンズ脱毛,アゴ下,5.00%,44000,,,,
医療脱毛,メンズ脱毛,ヒゲ3か所,,22000,,,,
医療脱毛,メンズ脱毛,ヒゲ3か所,10％,176000,,,,
医療脱毛,メンズ脱毛,ヒゲ3か所,5.00%,110000,,,82500,
医療脱毛,メンズ脱毛,両ひざ,,6600,,,,
医療脱毛,メンズ脱毛,両ひざ,10.00%,52800,,,,
医療脱毛,メンズ脱毛,両ひざ,5.00%,33000,,,,
医療脱毛,メンズ脱毛,両ひざ上,,24750,,,,
医療脱毛,メンズ脱毛,両ひざ上,10.00%,198000,,,,
医療脱毛,メンズ脱毛,両ひざ上,5.00%,123750,,,,
医療脱毛,メンズ脱毛,両ひざ下,,19800,,,,
医療脱毛,メンズ脱毛,両ひざ下,10.00%,158400,,,,
医療脱毛,メンズ脱毛,両ひざ下,5.00%,99000,,,,
医療脱毛,メンズ脱毛,両ひじ,,6600,,,,
医療脱毛,メンズ脱毛,両ひじ,10.00%,52800,,,,
医療脱毛,メンズ脱毛,両ひじ,5.00%,33000,,,,
医療脱毛,メンズ脱毛,両ひじ上,,16500,,,,
医療脱毛,メンズ脱毛,両ひじ上,10.00%,132000,,,,
医療脱毛,メンズ脱毛,両ひじ上,5.00%,82500,,,,
医療脱毛,メンズ脱毛,両ひじ下,,16500,,,,
医療脱毛,メンズ脱毛,両ひじ下,10.00%,132000,,,,
医療脱毛,メンズ脱毛,両ひじ下,5.00%,82500,,,,
医療脱毛,メンズ脱毛,両ワキ,,6600,,,,
医療脱毛,メンズ脱毛,両ワキ,10.00%,52800,,,,
医療脱毛,メンズ脱毛,両ワキ,5.00%,33000,,,,
医療脱毛,メンズ脱毛,乳輪周り,,9900,,,,
医療脱毛,メンズ脱毛,乳輪周り,10.00%,79200,,,,
医療脱毛,メンズ脱毛,乳輪周り,5.00%,49500,,,,
医療脱毛,メンズ脱毛,全身（顔・うなじ・VIO除く）,,187000,,,,
医療脱毛,メンズ脱毛,全身（顔・うなじ・VIO除く）,10％,1496000,,,,
医療脱毛,メンズ脱毛,全身（顔・うなじ・VIO除く）,5.00%,935000,,,440000,
医療脱毛,メンズ脱毛,剃毛代（1部位）,,3300,,,,
医療脱毛,メンズ脱毛,手の甲・指,,6600,,,,
医療脱毛,メンズ脱毛,手の甲・指,10.00%,52800,,,,
医療脱毛,メンズ脱毛,手の甲・指,5.00%,33000,,,,
医療脱毛,メンズ脱毛,眉間・眉上,,8250,,,,
医療脱毛,メンズ脱毛,眉間・眉上,10.00%,66000,,,,
医療脱毛,メンズ脱毛,眉間・眉上,5.00%,41250,,,,
医療脱毛,メンズ脱毛,背中上,,24750,,,,
医療脱毛,メンズ脱毛,背中上,10.00%,198000,,,,
医療脱毛,メンズ脱毛,背中上,5.00%,123750,,,,
医療脱毛,メンズ脱毛,背中下,,24750,,,,
医療脱毛,メンズ脱毛,背中下,10.00%,198000,,,,
医療脱毛,メンズ脱毛,背中下,5.00%,123750,,,,
医療脱毛,メンズ脱毛,胸,,24750,,,,
医療脱毛,メンズ脱毛,胸,10.00%,198000,,,,
医療脱毛,メンズ脱毛,胸,5.00%,123750,,,,
医療脱毛,メンズ脱毛,胸＋お腹セット,,38500,,,,
医療脱毛,メンズ脱毛,胸＋お腹セット,10％,396000,,,,
医療脱毛,メンズ脱毛,胸＋お腹セット,5.00%,247500,,,198000,
医療脱毛,メンズ脱毛,脚全体セット,,38500,,,,
医療脱毛,メンズ脱毛,脚全体セット,10％,308000,,,,
医療脱毛,メンズ脱毛,脚全体セット,5.00%,192500,,,204600,
医療脱毛,メンズ脱毛,腕全体セット,,29700,,,,
医療脱毛,メンズ脱毛,腕全体セット,10％,237600,,,,
医療脱毛,メンズ脱毛,腕全体セット,5.00%,148500,,,158400,
医療脱毛,メンズ脱毛,腰,,19800,,,,
医療脱毛,メンズ脱毛,腰,10.00%,158400,,,,
医療脱毛,メンズ脱毛,腰,5.00%,99000,,,,
医療脱毛,メンズ脱毛,腹部,,24750,,,,
医療脱毛,メンズ脱毛,腹部,10.00%,198000,,,,
医療脱毛,メンズ脱毛,腹部,5.00%,123750,,,,
医療脱毛,メンズ脱毛,臀部,,24750,,,,
医療脱毛,メンズ脱毛,臀部,10.00%,198000,,,,
医療脱毛,メンズ脱毛,臀部,5.00%,123750,,,,
医療脱毛,メンズ脱毛,足の甲・指,,6600,,,,
医療脱毛,メンズ脱毛,足の甲・指,10.00%,52800,,,,
医療脱毛,メンズ脱毛,足の甲・指,5.00%,33000,,,,
医療脱毛,メンズ脱毛,頬＋もみあげ,,13200,,,,
医療脱毛,メンズ脱毛,頬＋もみあげ,10.00%,105600,,,,
医療脱毛,メンズ脱毛,頬＋もみあげ,5.00%,66000,,,,
医療脱毛,メンズ脱毛,額,,6160,,,,
医療脱毛,メンズ脱毛,額,10.00%,49280,,,,
医療脱毛,メンズ脱毛,額,5.00%,30800,,,,
医療脱毛,メンズ脱毛,顔全体,,29700,,,,
医療脱毛,メンズ脱毛,顔全体,10％,237600,,,,
医療脱毛,メンズ脱毛,顔全体,5.00%,148500,,,99000,
医療脱毛,メンズ脱毛,首,,13200,,,,
医療脱毛,メンズ脱毛,首,10.00%,105600,,,,
医療脱毛,メンズ脱毛,首,5.00%,66000,,,,
医療脱毛,メンズ脱毛,鼻,,6600,,,,
医療脱毛,メンズ脱毛,鼻,10.00%,52800,,,,
医療脱毛,メンズ脱毛,鼻,5.00%,33000,,,,
医療脱毛,メンズ脱毛,鼻下,,8800,,,,
医療脱毛,メンズ脱毛,鼻下,10.00%,70400,,,115500,
医療脱毛,メンズ脱毛,鼻下,5.00%,44000,,,79200,
医療脱毛,レディース脱毛,Iライン,,8800,,,,
医療脱毛,レディース脱毛,Iライン,10.00%,70400,,,,
医療脱毛,レディース脱毛,Iライン,5.00%,44000,,,,
医療脱毛,レディース脱毛,Oライン,,8800,,,,
医療脱毛,レディース脱毛,Oライン,10.00%,70400,,,,
医療脱毛,レディース脱毛,Oライン,5.00%,44000,,,,
医療脱毛,レディース脱毛,VIO,,20900,,,,
医療脱毛,レディース脱毛,VIO,10.00%,168000,,,,
医療脱毛,レディース脱毛,VIO,5.00%,105000,,,82500,
医療脱毛,レディース脱毛,Vライン,,8800,,,,
医療脱毛,レディース脱毛,Vライン,10.00%,70400,,,,
医療脱毛,レディース脱毛,Vライン,5.00%,44000,,,,
医療脱毛,レディース脱毛,うなじ,,9900,,,,
医療脱毛,レディース脱毛,うなじ,10.00%,79200,,,,
医療脱毛,レディース脱毛,うなじ,5.00%,49500,,,,
医療脱毛,レディース脱毛,へそ周り（直径6センチ）,,5500,,,,
医療脱毛,レディース脱毛,へそ周り（直径6センチ）,10.00%,44000,,,,
医療脱毛,レディース脱毛,へそ周り（直径6センチ）,5.00%,27500,,,,
医療脱毛,レディース脱毛,セレクト脱毛3か所,,30800,,,,
医療脱毛,レディース脱毛,セレクト脱毛3か所,,92400,,,79200,
医療脱毛,レディース脱毛,セレクト脱毛3か所,,154000,,,115500,
医療脱毛,レディース脱毛,セレクト脱毛5か所,,47000,,,,
医療脱毛,レディース脱毛,セレクト脱毛5か所,,141000,,,99000,
医療脱毛,レディース脱毛,セレクト脱毛5か所,,235000,,,154000,
医療脱毛,レディース脱毛,両ひざ,,5500,,,,
医療脱毛,レディース脱毛,両ひざ,10.00%,44000,,,,
医療脱毛,レディース脱毛,両ひざ,5.00%,27500,,,,
医療脱毛,レディース脱毛,両ひざ上,,13200,,,,
医療脱毛,レディース脱毛,両ひざ上,10.00%,105600,,,,
医療脱毛,レディース脱毛,両ひざ上,5.00%,66000,,,,
医療脱毛,レディース脱毛,両ひざ下,,9900,,,,
医療脱毛,レディース脱毛,両ひざ下,10.00%,79200,,,,
医療脱毛,レディース脱毛,両ひざ下,5.00%,49500,,,,
医療脱毛,レディース脱毛,両ひじ,,5500,,,,
医療脱毛,レディース脱毛,両ひじ,10.00%,44000,,,,
医療脱毛,レディース脱毛,両ひじ,5.00%,27500,,,,
医療脱毛,レディース脱毛,両ひじ上,,8800,,,,
医療脱毛,レディース脱毛,両ひじ上,10.00%,70400,,,,
医療脱毛,レディース脱毛,両ひじ上,5.00%,44000,,,,
医療脱毛,レディース脱毛,両ひじ下,,8800,,,,
医療脱毛,レディース脱毛,両ひじ下,10.00%,70400,,,,
医療脱毛,レディース脱毛,両ひじ下,5.00%,44000,,,,
医療脱毛,レディース脱毛,両ワキ,,3300,,,,
医療脱毛,レディース脱毛,両ワキ,10.00%,26400,,,,
医療脱毛,レディース脱毛,両ワキ,5.00%,16500,,,,
医療脱毛,レディース脱毛,乳輪周り,,5500,,,,
医療脱毛,レディース脱毛,乳輪周り,10.00%,44000,,,,
医療脱毛,レディース脱毛,乳輪周り,5.00%,27500,,,,
医療脱毛,レディース脱毛,全身パーフェクト（顔・うなじ・VIO付き）,,132000,,,,
医療脱毛,レディース脱毛,全身パーフェクト（顔・うなじ・VIO付き）,,660000,,,330000,
医療脱毛,レディース脱毛,全身パーフェクト（顔・うなじ・VIO付き）,,1056000,,,,
医療脱毛,レディース脱毛,全身（顔・うなじ・VIO除く）,,82500,,,,
医療脱毛,レディース脱毛,全身（顔・うなじ・VIO除く）,10.00%,660000,,,,
医療脱毛,レディース脱毛,全身（顔・うなじ・VIO除く）,5.00%,412500,,,198000,
医療脱毛,レディース脱毛,剃毛代（1部位）,,3300,,,,
医療脱毛,レディース脱毛,口周囲（鼻下＋顎）,,9900,,,,
医療脱毛,レディース脱毛,口周囲（鼻下＋顎）,10.00%,79200,,,,
医療脱毛,レディース脱毛,口周囲（鼻下＋顎）,5.00%,49500,,,,
医療脱毛,レディース脱毛,手の甲・指,,3300,,,,
医療脱毛,レディース脱毛,手の甲・指,10.00%,26400,,,,
医療脱毛,レディース脱毛,手の甲・指,5.00%,16500,,,,
医療脱毛,レディース脱毛,打ち放題30分,,13200,,,,
医療脱毛,レディース脱毛,打ち放題60分,,21000,,,,
医療脱毛,レディース脱毛,背中上,,13200,,,,
医療脱毛,レディース脱毛,背中上,10.00%,105600,,,,
医療脱毛,レディース脱毛,背中上,5.00%,66000,,,,
医療脱毛,レディース脱毛,背中下,,13200,,,,
医療脱毛,レディース脱毛,背中下,10.00%,105600,,,,
医療脱毛,レディース脱毛,背中下,5.00%,66000,,,,
医療脱毛,レディース脱毛,胸,,13200,,,,
医療脱毛,レディース脱毛,胸,10.00%,105600,,,,
医療脱毛,レディース脱毛,胸,5.00%,66000,,,,
医療脱毛,レディース脱毛,腹部,,13200,,,,
医療脱毛,レディース脱毛,腹部,10.00%,105600,,,,
医療脱毛,レディース脱毛,腹部,5.00%,66000,,,,
医療脱毛,レディース脱毛,臀部,,13200,,,,
医療脱毛,レディース脱毛,臀部,10.00%,105600,,,,
医療脱毛,レディース脱毛,臀部,5.00%,66000,,,,
医療脱毛,レディース脱毛,足の甲・指,,3300,,,,
医療脱毛,レディース脱毛,足の甲・指,10.00%,26400,,,,
医療脱毛,レディース脱毛,足の甲・指,5.00%,16500,,,,
医療脱毛,レディース脱毛,顔全体,,13200,,,,
医療脱毛,レディース脱毛,顔全体,10.00%,105600,,,,
医療脱毛,レディース脱毛,顔全体,5.00%,66000,,,66000,
医療脱毛,レディース脱毛,１ショット,,550,,,,
点滴・注射,にんにく注射,,,3300,,,,
点滴・注射,プラセンタ注射,１A,,3300,,,,
点滴・注射,プラチナ白玉点滴,,,11000,,,,
点滴・注射,白玉点滴,,,8800,,,,
点滴・注射,脂肪燃焼注射,,,3300,,,,
点滴・注射,高濃度ビタミンC,,,11000,,,,
内服・外用薬,アカルボース（糖質乳収剤）,10錠,,2200,,,,
内服・外用薬,アカルボース（糖質乳収剤）,90錠,,16500,,,,
内服・外用薬,サノレックス（食欲抑制）,10錠,,11000,,,,
内服・外用薬,サノレックス（食欲抑制）,30錠,,8800,,,,
内服・外用薬,シナール,30錠,,1650,,,,
内服・外用薬,シミ肝斑セット,トラネキサム酸・シナール・ユベラＮ30錠,,6600,,,,
内服・外用薬,ゼニカル（脂質排泄）,1か月84カプセル,,3300,,,,
内服・外用薬,ゼニカル（脂質排泄）,1週間21カプセル,,11000,,,,
内服・外用薬,デキサンVG5g,,,770,,,,
内服・外用薬,トラネキサム酸,30錠,,3300,,,,
内服・外用薬,トレチノイン5g,,,1650,,,,
内服・外用薬,ニキビ・肌荒れセット,シナール・ユベラＮ・ビフロキシン30錠,,5500,,,,
内服・外用薬,ハイドロキノン4g,,,2200,,,,
内服・外用薬,ヘリオケア,,,8800,,,,
内服・外用薬,ユベラN,30錠,,1650,,,,
内服・外用薬,リベルサス,3㎎30錠,,13200,,,,
内服・外用薬,リベルサス,7㎎30錠,,24200,,,,
内服・外用薬,リンデロンVG5g,,,770,,,,
内服・外用薬,防己黄耆湯,90包,,3300,,,,
内服・外用薬,防風通聖散,90包,,3300,,,,
フェイシャル,CHニュアンス,顔,,22000,13200,,,
フェイシャル,CHニュアンス,顔➕首➕デコルテ,,27500,18700,,,
フェイシャル,アフター再生トリートメント,,,13200,,,,
フェイシャル,エピダーマルスキン30分,顔,,27500,22000,,,
フェイシャル,エピダーマルスキン45分,顔,,33000,,,,
フェイシャル,スキンメイド60分,顔,,16500,13200,,,
フェイシャル,スキンメイド90分,顔,,19800,,,,
フェイシャル,トロイピール,顔,,25000,22000,,,
フェイシャル,ハーブピーリング,顔,,27500,11000,,,
フェイシャル,ハーブピーリング背中,背中,,44000,22000,,,
フェイシャル,ハーブピーリング背中半分,背中半分,,27500,16500,,,
フェイシャル,ＣＨアンストレス,顔,,18700,11000,,,
フェイシャル,ＣＨイラストリアス,顔,,18700,11000,,,
フェイシャル,ＣＨコモデックス,顔,,12100,7700,,,
フェイシャル,ＣＨシャトーデボーテ,顔,,15400,7700,,,
フェイシャル,ＣＨシルク,顔,,18700（22000）,11000,,,
フェイシャル,ＣＨビオフィート,顔,,15400,7700,,,
フェイシャル,ＣＨフォーエバーヤング,顔,,18700,11000,,,
フェイシャル,ＣＨミューズ,顔,,15400,7700,,,
フェイシャル,ＣＨローズドメーラ,顔,,27500,11000,,,
フェイシャル,Ｈ２ハイドロフェイシャル顔60分,顔,,13200,,,,
フェイシャル,Ｈ２ハイドロフェイシャル顔＋頭70分,顔＋頭,,16500,,,,
フェイシャル,ＯＰイオン導入,ＶＣor トラネキサム酸＋ｱﾙｹﾞﾏｽｸ,,8800,,,,
フェイシャル,ＯＰエクソソームアンプル導入,,,16500,,,,
フェイシャル,ＯＰガビラン10分,,,4400,,,,
フェイシャル,ＯＰシルクコラーゲン,顔,,3300,,,,
フェイシャル,ＯＰヒーライト10分,顔,,5500,,,,
フェイシャル,ＯＰプラズマのみ,,,11000,,,,
フェイシャル,ＯＰプラズマリフティング,プラズマ＋エクソソームアンプル,,22000,,,,
フェイシャル,ＯＰプラズマリフティング,プラズマ＋タイトニング,,16500,,,,
フェイシャル,ＯＰプラズマリフティング,プラズマ＋ヒト臍帯由来幹細胞培養上清液,,33000,,,,
フェイシャル,ＯＰプラズマリフティング,プラズマ＋プラセンタ,,14300,,,,
フェイシャル,ＯＰプラズマリフティング,プラズマ＋リジェンセラム,,16500,,,,
フェイシャル,ＯＰプラズマリフティング,プラズマ＋純正エクソソーム,,55000,,,,
フェイシャル,ＯＰプラズマリフティング,プラズマ＋ＶＣ,,14300,,,,
フェイシャル,ＯＰヘッドカッサ10分,,,4400,,,,
フェイシャル,ＯＰヘッドマッサージ10分,,,3300,,,,
フェイシャル,ＯＰ幹細胞美容液導入,,,11000,,,,
フェイシャル,ＯＰ肌質別マスク,,,3300,,,,
フェイシャル,ＶＶＳトリートメント,顔,,25000,22000,,,
リラクゼーション,OPBDSクリーム,身体,,3300,,,,
リラクゼーション,OPキャビゼロ10分,身体,,4400,22000,,,
リラクゼーション,OPキャビテーション&ラジオ波10分,身体,,4400,22000,,,
リラクゼーション,OPスリミングマッサージ10分,身体,,3300,11000,,,
リラクゼーション,OPハイパーウッド30分,身体,,8800,,,,
リラクゼーション,OPヒートマット20分,身体,,5500,,,,
リラクゼーション,OPラジオ波/キャビテーション10分,身体,,3300,,,,
リラクゼーション,OPラセールオイル1パーツ,身体,,3300,,,,
リラクゼーション,OPラセールオイル全身,身体,,5500,,,,
リラクゼーション,OPリフレ足ツボ20分,身体,,3300,16500,,,
リラクゼーション,OPリンパマッサージ10分,身体,,2200,22000,,,
リラクゼーション,OP電磁波EMS1箇所30分,身体,,16500,22000,,,
リラクゼーション,チネイザン20分,身体,,5500,13200,,,
リラクゼーション,ボディ&フェイシャルアロマ90分,身体,,11000,,,,
リラクゼーション,ラセールデコルテ・ヘッド15分,身体,,6600,8800,,,
リラクゼーション,ラセールハンド10分,身体,,4400,7700,,,
リラクゼーション,ラセールフット20分,身体,,8800,7700,,,
リラクゼーション,ラセールボディ&フェイシャルアロマ90分,身体,,16500,,,,
リラクゼーション,ラセールボディアロマリンパマッサージ60分,身体,,11000,,,,
リラクゼーション,ラセールボディアロマリンパマッサージ90分,身体,,15400,,,,
リラクゼーション,経絡マッサージ70分,身体,,15400,11000,,,
リラクゼーション,経絡マッサージ＋発汗付き,身体,,19800,11000,,,
ボディ,OPBDSクリーム,身体,,3300,,,,
ボディ,OPキャビゼロ10分,身体,,4400,,,,
ボディ,OPキャビテーション&ラジオ波10分,身体,,4400,,,,
ボディ,OPスリミングマッサージ10分,身体,,3300,,,,
ボディ,OPハイパーウッド30分,身体,,8800,,,,
ボディ,OPヒートマット20分,身体,,5500,,,,
ボディ,OPラジオ波/キャビテーション10分,身体,,3300,,,,
ボディ,OPラセールオイル1パーツ,身体,,3300,,,,
ボディ,OPラセールオイル全身,身体,,5500,,,,
ボディ,OPリフレ足ツボ20分,身体,,3300,,,,
ボディ,OPリンパマッサージ10分,身体,,2200,,,,
ボディ,OP電磁波EMS1箇所30分,身体,,16500,,,,
ボディ,カスタム痩身60分,身体,,24200,,,,
ボディ,カスタム痩身90分,身体,,36300,,,,
ボディ,キャビゼロ瘦身60分,身体,,24200,,,,
ボディ,キャビゼロ瘦身＋発汗付き120分,身体,,48400,,,,
ボディ,キャビゼロ瘦身＋発汗付き90分,身体,,36300,,,,
ボディ,キャビラジ+スリミング経絡マッサージ60分,身体,,24200,,,,
ボディ,キャビラジ+スリミング経絡マッサージ90分,身体,,36300,,,,
ボディ,スリミング経絡マッサージ＋電磁波EMS60分,身体,,26400,,,,
ボディ,チネイザン20分,身体,,5500,,,,
ボディ,ハイパーウッド30分,身体,,8800,,,,
ボディ,ハイパーウッド60分,身体,,13200,,,,
ボディ,ハイパーウッド90分,身体,,19800,,,,
ボディ,ボディ&フェイシャルアロマ90分,身体,,11000,,,,
ボディ,ポールシェリーリラクシング90分,身体,,19800,,,,
ボディ,ラセールデコルテ・ヘッド15分,身体,,6600,,,,
ボディ,ラセールハンド10分,身体,,4400,,,,
ボディ,ラセールフット20分,身体,,8800,,,,
ボディ,ラセールボディ&フェイシャルアロマ90分,身体,,16500,,,,
ボディ,ラセールボディアロマリンパマッサージ60分,身体,,11000,,,,
ボディ,ラセールボディアロマリンパマッサージ90分,身体,,15400,,,,
ボディ,経絡マッサージ70分,身体,,15400,,,,
ボディ,経絡マッサージ＋発汗付き,身体,,19800,,,,
エステブライダル,1day集中コース120分,顔,,27500,,,,
エステブライダル,1day集中コース＋美白フェイシャル180分,顔,,32500,,,,
エステブライダル,フェイシャル＋デコルテor背中トリートメント90分,顔＋デコルテ/背中,,27500,13200,,,
エステブライダル,ベーシックフェイシャル50分,顔,,8800,,,,
エステブライダル,二の腕&背中痩せ50分,二の腕＋背中,,19800,6600,,,
エステマタニティ,ヘッド＋デコルテ/フットマッサージ30分,身体,,4400,,,,
エステマタニティ,全身オイルトリートメント50分,身体,,7700,,,,
オプション,ウーバーピール,,,11000,,,,8800
オプション,エクソソームアンプル,,,11000,,,,8800
オプション,ヒアルロン酸,,,5500,,,,4400
オプション,美白,,,11000,,,,8800
バーティカルリフト,PDO,,,330000,,,231000,297000
バーティカルリフト,PDO,中顔面,,220000,,,165000,198000
医療ボディ痩身,,,20.00%,330000,,,,
医療ボディ痩身,,,20.00%,247500,,,,
医療ボディ痩身,,,20.00%,82500,,,,
医療ボディ痩身,,,20.00%,825000,,,,
医療ボディ痩身,,,20.00%,618750,,,,
医療ボディ痩身,,,20.00%,825000,,,,
医療ボディ痩身,,,20.00%,618750,,,,
医療ボディ痩身,,,20.00%,123750,,,,
医療ボディ痩身,,,20.00%,82500,,,,
医療ボディ痩身,,,20.00%,1113750,,,,
医療ボディ痩身,,,20.00%,618750,,,,
医療ボディ痩身,ウルトラフォーマーMPT,お腹,10.00%,495000,,,,
医療ボディ痩身,ウルトラフォーマーMPT,お腹　1320S,20.00%,165000,,,,
医療ボディ痩身,ウルトラフォーマーMPT,お腹（ライト）,10.00%,371250,,,,
医療ボディ痩身,ウルトラフォーマーMPT,お腹（ライト）　880S,20.00%,123750,66000,,,
医療ボディ痩身,ウルトラフォーマーMPT,ひざ上,10.00%,74250,,,,
医療ボディ痩身,ウルトラフォーマーMPT,ひざ上,10.00%,49500,,,,
医療ボディ痩身,ウルトラフォーマーMPT,ひざ上　180S,20.00%,24750,,,,
医療ボディ痩身,ウルトラフォーマーMPT,ひざ上（ライト）　120S,20.00%,16500,,,,
医療ボディ痩身,ウルトラフォーマーMPT,ウエスト,10.00%,495000,,,,
医療ボディ痩身,ウルトラフォーマーMPT,ウエスト　1200S,20.00%,165000,,,,
医療ボディ痩身,ウルトラフォーマーMPT,ウエスト（ライト）,10.00%,371250,,,,
医療ボディ痩身,ウルトラフォーマーMPT,ウエスト（ライト）800S,20.00%,123750,66000,,,
医療ボディ痩身,ウルトラフォーマーMPT,ブラファット,10.00%,49500,,,,
医療ボディ痩身,ウルトラフォーマーMPT,ブラファット　120S,20.00%,16500,,,,
医療ボディ痩身,ウルトラフォーマーMPT,二の腕,10.00%,198000,,,,
医療ボディ痩身,ウルトラフォーマーMPT,二の腕　540S,20.00%,66000,39800,,,
医療ボディ痩身,ウルトラフォーマーMPT,二の腕（ライト）,10.00%,148500,,,,
医療ボディ痩身,ウルトラフォーマーMPT,二の腕（ライト）　360S,20.00%,49500,,,,
医療ボディ痩身,ウルトラフォーマーMPT,内ももor外もも,10.00%,371250,,,,
医療ボディ痩身,ウルトラフォーマーMPT,内ももor外もも　840S,20.00%,123750,66000,,,
医療ボディ痩身,ウルトラフォーマーMPT,太もも周り,10.00%,668250,,,,
医療ボディ痩身,ウルトラフォーマーMPT,太もも周り　1680S,20.00%,222750,,,,
医療ボディ痩身,脂肪冷却（クラツーα）,身体1部位1エリア,20.00%,41250,19800,,9900,
医療ボディ痩身,脂肪冷却（クラツーα）,身体1部位1エリア,20.00%,55000,19800,,33000,
医療ボディ痩身,脂肪冷却（クラツーα）,身体1部位2エリア同時施術,20.00%,82500,39600,,19800,
医療ボディ痩身,脂肪冷却（クラツーα）,身体1部位2エリア同時施術,20.00%,110000,39600,,138600,
医療ボディ痩身,脂肪冷却（クラツーα）,身体1部位3エリア同時施術,20.00%,123750,59400,,,
医療ボディ痩身,脂肪冷却（クラツーα）,身体1部位3エリア同時施術,20.00%,165000,59400,,,
医療ボディ痩身,脂肪冷却（クラツーα）,身体1部位4エリア同時施術,20.00%,165000,79200,,,
医療ボディ痩身,脂肪冷却（クラツーα）,身体1部位4エリア同時施術,20.00%,220000,79200,,,
医療ボディ痩身,脂肪冷却（クラツーα）,身体　2カップ同時施術,10％,247500,,,,
医療ボディ痩身,脂肪冷却（クラツーα）,身体　2カップ同時施術,20.00%,412500,,,,
医療ボディ痩身,脂肪冷却（クラツーα）,身体　2カップ同時施術,30.00%,330000,,,,
医療ボディ痩身,脂肪冷却（クラツーα）,身体　2カップ同時施術,40.00%,550000,,,,
医療ボディ痩身,脂肪冷却（クラツーα）,身体　4カップ同時施術,10％,495000,,,,
医療ボディ痩身,脂肪冷却（クラツーα）,身体　4カップ同時施術,20.00%,825000,,,,
医療ボディ痩身,脂肪溶解注射,顔1cc,,11000,8800,,,
医療ボディ痩身,脂肪溶解注射FATXCORE,顔1cc,,13200,10560,,,
医療ボディ痩身,脂肪溶解注射（ボディコントゥア）,身体10cc,,110000,,,74800,
医療ボディ痩身,脂肪溶解注射（ボディコントゥア）,身体1cc,,11000,8800,,,
医療ボディ痩身,脂肪溶解注射（ボディコントゥア）,身体20cc,,220000,,,140800,
医療ボディ痩身,脂肪溶解注射（ボディコントゥア）,身体5cc,,55000,,,39600,
美容外科（脱脂・埋没）,,6本,,330000,,,,10％
美容外科（脱脂・埋没）,タレ目形成,,,220000,,,,10％
美容外科（脱脂・埋没）,ネックリフト,,,660000,,,,10％
美容外科（脱脂・埋没）,中顔面リフト,4本,,220000,,,,10％
美容外科（脱脂・埋没）,二重埋没法（1年間保証付）,,1回,132000,,,,10％
美容外科（脱脂・埋没）,局所麻酔,,1回,1100,,,,
美容外科（脱脂・埋没）,局所麻酔,,1回,16500,,,,
美容外科（脱脂・埋没）,点眼麻酔,,1回,5500,,,,
美容外科（脱脂・埋没）,目の下のくま・たるみ取り,,1回,220000,,,,10％
美容外科（脱脂・埋没）,目の下のくま・たるみ取り,ハムラ法,1回,385000,,,,10％
美容外科（脱脂・埋没）,目の下のくま・たるみ取り,裏ハムラ法,1回,440000,,,,10％
美容外科（脱脂・埋没）,眉下切開,,,440000,,,,10％
美容外科（脱脂・埋没）,笑気麻酔,,1回,5500,,,,
美容外科（脱脂・埋没）,笑気麻酔,30分,1回,11000,,,,
美容外科（脱脂・埋没）,自然癒着法,4点留め,1回,220000,,,,10％
美容外科（脱脂・埋没）,自然癒着法,6点留め,1回,275000,,,,10％
美容外科（脱脂・埋没）,静脈麻酔,,1回,55000,,,,
脂肪吸引,ジョールファット,,,198000,,,158400,10％
脂肪吸引,頬,,,220000,,,176000,10％
脂肪吸引,頬➕顎下,,,440000,,,308000,10％
脂肪吸引,顎下,,,220000,,,176000,10％
